{
  "generated_at_utc": "2026-05-22T22:18:10.738345+00:00",
  "matplotlib": "3.10.8",
  "numpy": "2.3.0",
  "python": "3.12.5",
  "results": {
    "barrier_B": 6.183325645348746e-05,
    "barrier_L": 100.0,
    "barrier_N": 2048,
    "barrier_R": 0.954090137173216,
    "barrier_T_difference": 0.00011697655624763603,
    "barrier_Tfinal": 28.0,
    "barrier_Trans": 0.04584802956943435,
    "barrier_V0": 3.0,
    "barrier_a": 0.0,
    "barrier_above_T_contribution": 0.04003552226277975,
    "barrier_above_spectral_mass": 0.13573795660648716,
    "barrier_b": 3.0,
    "barrier_below_T_contribution": 0.005695530750406953,
    "barrier_dt": 0.006,
    "barrier_norm_error": 8.961720254774264e-13,
    "barrier_steps": 4667,
    "barrier_tail_left": 0.020277087772822177,
    "barrier_tail_mass": 0.0316741090225629,
    "barrier_tail_right": 0.011397021249740725,
    "barrier_total": 0.9999999999991038,
    "barrier_weighted_T": 0.045731053013186716,
    "compare_L": 80.0,
    "compare_N": 256,
    "compare_T": 4.0,
    "compare_dt": 0.004,
    "compare_fe_final_norm": 1.0732062337132835,
    "compare_fe_norm_error": 0.0732062337132835,
    "compare_rk4_norm_error": 8.91964280214097e-12,
    "compare_ssf_norm_error": 5.395683899678261e-14,
    "compare_steps": 1000,
    "conv_L": 60.0,
    "conv_N": 1024,
    "conv_T": 3.0,
    "conv_dt_ref": 0.0009375,
    "conv_err_0": 8.23149077652165e-05,
    "conv_err_last": 3.015010974735942e-07,
    "conv_slope": 2.020702491197738,
    "free_L": 80.0,
    "free_N": 2048,
    "free_T": 12.0,
    "free_center_error": 1.5116796703296131e-12,
    "free_dt": 0.01,
    "free_energy_error": 6.479261571712414e-13,
    "free_norm_error": 3.305133944309091e-13,
    "free_state_error": 3.958179842672649e-12,
    "free_steps": 1200,
    "free_tail_mass": 9.510457394709067e-10,
    "free_variance_error": 4.1104897263721796e-12,
    "harmonic_L": 70.0,
    "harmonic_N": 2048,
    "harmonic_T": 36.0,
    "harmonic_center_error": 7.55860934482655e-05,
    "harmonic_dt": 0.01,
    "harmonic_energy_error": 2.047999702803338e-05,
    "harmonic_norm_error": 6.514788708500419e-13,
    "harmonic_omega": 0.4,
    "harmonic_steps": 3600,
    "harmonic_tail_mass": 6.817140013654833e-29,
    "harmonic_variance_error": 5.000019024814506e-06,
    "long_L": 80.0,
    "long_N": 1024,
    "long_T": 120.0,
    "long_dt": 0.01,
    "long_norm_error": 2.2341017924532025e-12,
    "long_steps": 12000,
    "method_L": 40.0,
    "method_N": 96,
    "method_T": 1.2,
    "method_cn_norm_error": 1.1102230246251565e-15,
    "method_cn_state_error": 4.608829964064258e-05,
    "method_dt": 0.01,
    "method_fe_norm_error": 0.02156893176910768,
    "method_fe_state_error": 0.014893051562008664,
    "method_rk4_norm_error": 5.093814259282681e-11,
    "method_rk4_state_error": 4.160820173394232e-09,
    "method_ssf_norm_error": 6.705747068735946e-14,
    "method_ssf_state_error": 8.260456450834772e-07,
    "method_y4_norm_error": 1.98507876802978e-13,
    "method_y4_state_error": 3.5505557720413367e-12,
    "precision_L": 60.0,
    "precision_N": 512,
    "precision_T": 40.0,
    "precision_complex128_norm_error": 4.746203430272544e-13,
    "precision_complex64_norm_error": 0.0006660223007202148,
    "precision_dt": 0.01,
    "reverse_barrier_error": 3.3410632233105033e-13,
    "reverse_free_error": 1.1079491080265618e-13,
    "reverse_harmonic_error": 3.3382715777845703e-13,
    "spatial_L": 80.0,
    "spatial_N_ref": 2048,
    "spatial_T": 4.0,
    "spatial_dt": 0.01,
    "spatial_err_0": 0.015883921646114012,
    "spatial_err_last": 4.52178774820333e-14,
    "spatial_ratio": 351275259490.5692,
    "unitarity_N": 64,
    "unitarity_dt": 0.07,
    "unitarity_fro": 1.0427091626200353e-13,
    "unitarity_trial_max": 4.551914400963142e-15,
    "unitarity_trial_median": 8.881784197001252e-16,
    "unitarity_two": 3.185607242777591e-14
  }
}