dt,error
5.999999999999999778e-02,1.569075429322564928e-04
2.999999999999999889e-02,3.919676894954255808e-05
1.499999999999999944e-02,9.770369680086618227e-06
7.499999999999999722e-03,2.413850746900110293e-06
3.749999999999999861e-03,5.747260663479219416e-07
